Building_class,mpsd_ds1,mpsd_ds2,mpsd_ds3,mpsd_ds4
EU_LWAL+DNO_H3,0.000982256,0.002771996,0.004615971,0.006405711